Algorithm,original_num_qubits,original_circuit_layers,original_gate_counts,ibm127_num_qubits,ibm127_circuit_layers,ibm127_gate_counts,ibm133_num_qubits,ibm133_circuit_layers,ibm133_gate_counts,ibm156_num_qubits,ibm156_circuit_layers,ibm156_gate_counts
wstate,26,53,128,127,105,228,133,105,228,156,105,228
graphstate,30,9,91,127,29,151,133,29,151,156,29,151
qnn,8,75,216,127,91,303,133,90,301,156,91,303
twolocalrandom,27,110,1189,127,122,1513,133,122,1513,156,122,1513
qaoa,6,9,37,127,29,117,133,29,117,156,29,117
ghz,39,40,79,127,42,81,133,42,81,156,42,81
shor_15_4,18,6214,9894,127,13341,26290,133,13404,26390,156,13404,26390
ghz,9,10,19,127,12,21,133,12,21,156,12,21
portfoliovqe,8,34,125,127,68,255,133,68,255,156,68,255
vqe,11,16,65,127,25,164,133,25,164,156,25,164
su2random,15,62,391,127,74,571,133,74,571,156,74,571
qpeexact,15,44,156,127,138,509,133,138,509,156,140,512
ae,45,264,1257,127,736,3085,133,736,3085,156,736,3085
qpeinexact,48,143,1294,127,468,3057,133,468,3057,156,468,3057
twolocalrandom,3,14,25,127,26,61,133,26,61,156,26,61
qpeexact,5,14,26,127,38,69,133,40,72,156,40,72
qpeexact,42,125,1006,127,409,2593,133,407,2590,156,409,2593
su2random,42,170,2794,127,182,3298,133,182,3298,156,182,3298
su2random,4,18,39,127,30,87,133,30,87,156,30,87
ae,12,66,135,127,176,400,133,176,400,156,176,400
graphstate,26,8,79,127,22,131,133,22,131,156,22,131
wstate,30,61,148,127,121,264,133,121,264,156,121,264
portfoliovqe,17,70,494,127,140,786,133,140,786,156,140,786
twolocalrandom,31,126,1551,127,138,1923,133,138,1923,156,138,1923
qftentangled,50,103,1401,127,349,2991,133,349,2991,156,349,2991
qpeexact,39,116,876,127,379,2359,133,377,2356,156,379,2359
su2random,39,158,2419,127,170,2887,133,170,2887,156,170,2887
groundstate_medium,12,37,181,127,64,251,133,64,251,156,64,251
dj,26,28,102,127,31,179,133,31,179,156,31,179
ae,8,42,73,127,107,197,133,107,197,156,107,197
realamprandom,30,122,1456,127,134,1816,133,134,1816,156,134,1816
random,21,220,1002,127,477,2897,133,476,2884,156,472,2892
qpeinexact,33,98,642,127,318,1887,133,318,1887,156,318,1887
qft,21,43,263,127,143,881,133,143,881,156,143,881
qftentangled,11,25,94,127,76,267,133,76,267,156,76,267
qft,37,75,759,127,255,2017,133,255,2017,156,255,2017
qpeinexact,25,74,386,127,238,1263,133,238,1263,156,238,1263
random,37,411,3062,127,986,8998,133,993,8988,156,982,8993
realamprandom,26,106,1106,127,118,1418,133,118,1418,156,118,1418
ae,28,162,543,127,447,1657,133,447,1657,156,447,1657
qnn,10,95,330,127,110,436,133,110,436,156,110,436
qftentangled,6,15,37,127,41,87,133,41,87,156,41,87
ghz,42,43,85,127,45,87,133,45,87,156,45,87
qftentangled,46,95,1197,127,321,2703,133,321,2703,156,321,2703
dj,30,32,118,127,35,207,133,35,207,156,35,207
groundstate_small,4,13,29,127,24,51,133,24,51,156,24,51
ghz,15,16,31,127,18,33,133,18,33,156,18,33
qnn,47,465,6768,127,481,7245,133,480,7243,156,481,7245
qnn,30,295,2790,127,311,3097,133,311,3097,156,311,3097
qnn,4,35,60,127,50,105,133,51,107,156,51,107
dj,47,49,186,127,52,326,133,52,326,156,52,326
wstate,7,15,33,127,29,57,133,29,57,156,29,57
qftentangled,31,65,574,127,216,1623,133,216,1623,156,216,1623
graphstate,3,5,10,127,12,16,133,12,16,156,12,16
qft,17,35,179,127,115,597,133,115,597,156,115,597
random,17,149,641,127,358,1738,133,361,1741,156,358,1740
ghz,35,36,71,127,38,73,133,38,73,156,38,73
ghz,5,6,11,127,8,13,133,8,13,156,8,13
dj,10,12,38,127,15,67,133,15,67,156,15,67
qft,7,15,39,127,45,107,133,45,107,156,45,107
random,40,468,3725,127,1034,10306,133,1038,10313,156,1034,10291
qft,40,81,881,127,276,2230,133,276,2230,156,276,2230
ghz,23,24,47,127,26,49,133,26,49,156,26,49
qpeexact,9,24,65,127,72,188,133,72,188,156,73,188
qpeexact,19,56,236,127,179,800,133,179,800,156,177,797
su2random,19,78,609,127,90,837,133,90,837,156,90,837
portfoliovqe,4,18,39,127,36,97,133,36,97,156,36,97
qpeinexact,44,131,1098,127,428,2745,133,428,2745,156,428,2745
realamprandom,47,190,3479,127,202,4043,133,202,4043,156,202,4043
qaoa,12,11,73,127,35,235,133,35,235,156,35,235
ae,49,288,1467,127,804,3421,133,804,3421,156,804,3421
qnn,26,255,2106,127,271,2373,133,271,2373,156,270,2371
su2random,8,34,125,127,46,221,133,46,221,156,46,221
dj,3,5,10,127,8,18,133,8,18,156,8,18
realamprandom,10,42,186,127,54,306,133,54,306,156,54,306
qpeinexact,13,38,122,127,118,387,133,118,387,156,118,387
qftentangled,27,57,446,127,188,1335,133,188,1335,156,188,1335
twolocalrandom,46,186,3336,127,198,3888,133,198,3888,156,198,3888
ae,4,18,27,127,39,61,133,39,61,156,40,64
random,6,34,79,127,77,205,133,82,204,156,76,203
vqe,6,11,35,127,20,87,133,20,87,156,20,87
wstate,47,95,233,127,189,417,133,189,417,156,189,417
portfolioqaoa,15,63,407,127,191,1244,133,191,1244,156,191,1244
su2random,35,142,1961,127,154,2381,133,154,2381,156,154,2381
qpeexact,35,104,716,127,337,2044,133,339,2047,156,339,2047
twolocalrandom,11,46,221,127,58,353,133,58,353,156,58,353
grover-v-chain,2,2,5,127,4,7,133,4,7,156,4,7
ae,32,186,685,127,515,1993,133,515,1993,156,515,1993
wstate,10,21,48,127,41,84,133,41,84,156,41,84
graphstate,10,7,31,127,20,51,133,20,51,156,20,51
ae,24,138,417,127,380,1324,133,380,1324,156,380,1324
qpeinexact,29,86,506,127,278,1575,133,278,1575,156,278,1575
twolocalrandom,50,202,3926,127,214,4526,133,214,4526,156,214,4526
ghz,19,20,39,127,22,41,133,22,41,156,22,41
graphstate,47,10,142,127,30,236,133,30,236,156,30,236
qpeexact,23,64,330,127,207,1098,133,207,1098,156,206,1096
su2random,23,94,875,127,106,1151,133,106,1151,156,106,1151
wstate,50,101,248,127,201,444,133,201,444,156,201,444
graphstate,46,11,139,127,31,231,133,31,231,156,31,231
qpeexact,22,63,305,127,202,1022,133,203,1022,156,203,1022
su2random,22,90,804,127,102,1068,133,102,1068,156,102,1068
ghz,18,19,37,127,21,39,133,21,39,156,21,39
ae,25,144,447,127,397,1408,133,397,1408,156,397,1408
graphstate,11,7,34,127,21,56,133,21,56,156,21,56
qpeinexact,28,83,474,127,268,1497,133,268,1497,156,268,1497
wstate,11,23,53,127,45,93,133,45,93,156,45,93
ae,33,192,723,127,532,2077,133,532,2077,156,532,2077
grover-v-chain,15,17598,17910,127,45224,54593,133,45224,54593,156,45224,54593
pricingcall,23,4095,4187,127,2851,3491,133,2834,3450,156,2865,3451
twolocalrandom,10,42,186,127,54,306,133,54,306,156,54,306
grover-v-chain,3,10,17,127,22,33,133,22,33,156,22,33
pricingput,25,7435,7552,127,3167,4024,133,3181,4000,156,3152,4009
graphstate,50,9,151,127,29,251,133,29,251,156,29,251
wstate,46,93,228,127,185,408,133,185,408,156,185,408
portfolioqaoa,14,59,359,127,179,1098,133,179,1098,156,179,1098
su2random,34,138,1854,127,150,2262,133,150,2262,156,150,2262
qpeexact,34,101,678,127,329,1969,133,329,1969,156,327,1966
twolocalrandom,47,190,3479,127,202,4043,133,202,4043,156,202,4043
ae,5,24,37,127,57,92,133,57,92,156,56,89
vqe,7,12,41,127,21,100,133,21,100,156,21,100
random,7,41,117,127,98,294,133,101,293,156,98,291
su2random,9,38,154,127,50,262,133,50,262,156,50,262
dj,2,4,6,127,7,11,133,7,11,156,7,11
realamprandom,11,46,221,127,58,353,133,58,353,156,58,353
qpeinexact,12,35,106,127,108,333,133,108,333,156,108,333
qftentangled,26,55,417,127,181,1263,133,181,1263,156,181,1263
qnn,27,265,2268,127,280,2544,133,280,2544,156,280,2544
dj,50,52,198,127,55,347,133,55,347,156,55,347
qpeexact,18,51,213,127,162,710,133,162,710,156,163,710
su2random,18,74,550,127,86,766,133,86,766,156,86,766
portfoliovqe,5,22,56,127,44,132,133,44,132,156,44,132
qpeinexact,45,134,1146,127,438,2823,133,438,2823,156,438,2823
realamprandom,46,186,3336,127,198,3888,133,198,3888,156,198,3888
qaoa,13,10,79,127,32,253,133,32,253,156,32,253
ae,48,282,1413,127,787,3337,133,787,3337,156,787,3337
ghz,22,23,45,127,25,47,133,25,47,156,25,47
qpeexact,8,23,54,127,70,162,133,70,162,156,68,159
routing,2,8,14,127,13,22,133,14,22,156,13,22
qft,6,13,31,127,38,80,133,38,80,156,38,80
random,41,471,3870,127,1052,10613,133,1051,10595,156,1051,10614
realamprandom,50,202,3926,127,214,4526,133,214,4526,156,214,4526
qft,41,83,923,127,283,2301,133,283,2301,156,283,2301
ghz,34,35,69,127,37,71,133,37,71,156,37,71
ghz,4,5,9,127,7,11,133,7,11,156,7,11
dj,11,13,42,127,16,74,133,16,74,156,16,74
wstate,6,13,28,127,25,48,133,25,48,156,25,48
qftentangled,30,63,541,127,209,1551,133,209,1551,156,209,1551
qft,16,33,161,127,108,530,133,108,530,156,108,530
random,16,168,599,127,414,1774,133,411,1775,156,412,1772
qnn,31,305,2976,127,320,3292,133,320,3292,156,320,3292
qnn,5,45,90,127,60,146,133,60,146,156,60,146
pricingcall,19,1139,1213,127,2080,2449,133,2043,2459,156,2081,2448
dj,46,48,182,127,51,319,133,51,319,156,51,319
dj,31,33,122,127,36,214,133,36,214,156,36,214
ghz,14,15,29,127,17,31,133,17,31,156,17,31
qnn,46,455,6486,127,470,6952,133,470,6952,156,470,6952
qftentangled,47,97,1246,127,328,2775,133,328,2775,156,328,2775
qnn,11,105,396,127,121,513,133,120,511,156,120,511
qftentangled,7,17,46,127,48,115,133,48,115,156,48,115
ghz,43,44,87,127,46,89,133,46,89,156,46,89
qftentangled,10,23,81,127,69,223,133,69,223,156,69,223
qpeinexact,24,71,358,127,228,1185,133,228,1185,156,228,1185
qft,36,73,721,127,248,1946,133,248,1946,156,248,1946
random,36,438,3001,127,994,8431,133,1001,8420,156,997,8407
realamprandom,27,110,1189,127,122,1513,133,122,1513,156,122,1513
ae,29,168,577,127,464,1741,133,464,1741,156,464,1741
realamprandom,31,126,1551,127,138,1923,133,138,1923,156,138,1923
random,20,211,934,127,491,2543,133,489,2553,156,489,2549
qft,20,41,241,127,136,810,133,136,810,156,136,810
qpeinexact,32,95,606,127,308,1809,133,308,1809,156,308,1809
dj,27,29,106,127,32,186,133,32,186,156,32,186
ae,9,48,87,127,124,241,133,125,244,156,125,244
qnn,50,495,7650,127,510,8156,133,510,8156,156,510,8156
qpeexact,38,113,834,127,367,2278,133,367,2278,156,369,2281
su2random,38,154,2300,127,166,2756,133,166,2756,156,166,2756
portfoliovqe,16,66,441,127,132,715,133,132,715,156,132,715
twolocalrandom,30,122,1456,127,134,1816,133,134,1816,156,134,1816
qpeexact,43,128,1052,127,417,2668,133,417,2668,156,419,2671
su2random,43,174,2925,127,186,3441,133,186,3441,156,186,3441
su2random,5,22,56,127,34,116,133,34,116,156,34,116
graphstate,27,10,82,127,36,136,133,36,136,156,36,136
wstate,31,63,153,127,125,273,133,125,273,156,125,273
ae,13,72,153,127,193,460,133,192,457,156,192,457
twolocalrandom,2,8,14,127,14,22,133,12,22,156,14,22
qpeexact,4,9,16,127,16,35,133,16,35,156,16,35
portfoliovqe,9,38,154,127,76,302,133,76,302,156,76,302
vqe,10,15,59,127,24,147,133,24,147,156,24,147
su2random,14,58,344,127,70,512,133,70,512,156,70,512
qpeexact,14,35,135,127,110,433,133,110,433,156,108,430
ae,44,258,1207,127,719,3001,133,719,3001,156,719,3001
qpeinexact,49,146,1346,127,478,3135,133,478,3135,156,478,3135
ghz,38,39,77,127,41,79,133,41,79,156,41,79
ghz,8,9,17,127,11,19,133,11,19,156,11,19
pricingput,13,205,264,127,694,963,133,694,963,156,696,965
qnn,9,85,270,127,100,366,133,100,366,156,100,366
twolocalrandom,26,106,1106,127,118,1418,133,118,1418,156,118,1418
qaoa,7,10,43,127,32,137,133,32,137,156,32,137
pricingcall,15,343,399,127,1073,1332,133,1073,1331,156,1073,1332
wstate,27,55,133,127,109,237,133,109,237,156,109,237
graphstate,31,8,94,127,22,156,133,22,156,156,22,156
qnn,2,12,18,127,17,31,133,17,31,156,17,31
qnn,36,355,3996,127,371,4363,133,371,4363,156,370,4361
dj,41,43,162,127,46,284,133,46,284,156,46,284
qftentangled,37,77,796,127,258,2055,133,258,2055,156,258,2055
graphstate,5,6,16,127,14,26,133,14,26,156,14,26
random,11,92,290,127,216,746,133,216,746,156,215,748
qft,11,23,83,127,73,255,133,73,255,156,73,255
ghz,33,34,67,127,36,69,133,36,69,156,36,69
dj,16,18,62,127,21,109,133,21,109,156,21,109
ghz,3,4,7,127,6,9,133,6,9,156,6,9
qft,46,93,1151,127,318,2656,133,318,2656,156,318,2656
random,46,583,5130,127,1374,14117,133,1376,14120,156,1376,14109
twolocalrandom,9,38,154,127,50,262,133,50,262,156,50,262
ghz,25,26,51,127,28,53,133,28,53,156,28,53
qaoa,14,10,85,127,32,271,133,32,271,156,32,271
realamprandom,41,166,2666,127,178,3158,133,178,3158,156,178,3158
random,50,605,5840,127,1383,16362,133,1379,16349,156,1379,16334
qpeinexact,42,125,1006,127,408,2589,133,408,2589,156,408,2589
qft,50,101,1351,127,346,2940,133,346,2940,156,346,2940
qnn,20,195,1260,127,210,1466,133,210,1466,156,210,1466
qpeexact,48,143,1294,127,467,3058,133,469,3061,156,467,3058
su2random,48,194,3625,127,206,4201,133,206,4201,156,206,4201
qpeinexact,15,44,156,127,138,507,133,138,507,156,138,507
realamprandom,16,66,441,127,78,633,133,78,633,156,78,633
qftentangled,21,45,284,127,146,903,133,146,903,156,146,903
dj,5,7,18,127,10,32,133,10,32,156,10,32
ae,18,102,258,127,277,817,133,277,817,156,277,817
ae,2,6,10,127,10,17,133,10,17,156,10,19
twolocalrandom,40,162,2541,127,174,3021,133,174,3021,156,174,3021
wstate,41,83,203,127,165,363,133,165,363,156,165,363
portfolioqaoa,13,55,314,127,171,967,133,170,966,156,171,967
qpeexact,33,98,642,127,317,1888,133,317,1888,156,319,1891
su2random,33,134,1750,127,146,2146,133,146,2146,156,146,2146
twolocalrandom,17,70,494,127,82,698,133,82,698,156,82,698
grover-noancilla,11,76677,77173,127,191679,231043,133,191679,231043,156,191679,231043
grover-v-chain,4,34,49,127,93,143,133,93,143,156,93,143
ae,34,198,762,127,549,2161,133,549,2161,156,549,2161
pricingcall,5,36,48,127,106,155,133,106,155,156,106,155
wstate,16,33,78,127,65,138,133,65,138,156,65,138
qpeinexact,39,116,876,127,378,2355,133,378,2355,156,378,2355
ghz,48,49,97,127,51,99,133,51,99,156,51,99
graphstate,16,7,49,127,18,81,133,18,81,156,18,81
ae,22,126,360,127,346,1156,133,345,1153,156,345,1153
qpeinexact,6,17,34,127,48,93,133,48,93,156,48,93
graphstate,41,8,124,127,24,206,133,24,206,156,24,206
su2random,25,102,1026,127,114,1326,133,114,1326,156,114,1326
qpeexact,25,66,382,127,213,1247,133,213,1247,156,213,1247
graphstate,9,6,28,127,16,46,133,16,46,156,16,46
wstate,20,41,98,127,81,174,133,81,174,156,81,174
graphstate,36,7,109,127,24,181,133,24,181,156,24,181
groundstate_large,14,43,239,127,74,321,133,74,321,156,74,321
grover-noancilla,7,1124,1203,127,2806,3531,133,2806,3531,156,2806,3531
twolocalrandom,21,86,736,127,98,988,133,98,988,156,98,988
portfolioqaoa,6,27,83,127,83,254,133,83,254,156,83,254
qpeexact,13,34,120,127,107,378,133,106,376,156,106,376
su2random,13,54,300,127,66,456,133,66,456,156,66,456
ae,43,252,1158,127,702,2917,133,702,2917,156,702,2917
ghz,29,30,59,127,32,61,133,32,61,156,32,61
twolocalrandom,5,22,56,127,34,116,133,34,116,156,34,116
qpeexact,3,7,11,127,15,19,133,15,19,156,15,19
su2random,44,178,3059,127,190,3587,133,190,3587,156,190,3587
su2random,2,8,14,127,17,31,133,17,31,156,17,31
qpeexact,44,131,1098,127,427,2746,133,429,2749,156,429,2749
ae,14,78,172,127,209,521,133,209,521,156,209,521
graphstate,20,7,61,127,21,101,133,21,101,156,21,101
dj,9,11,34,127,14,60,133,14,60,156,14,60
wstate,36,73,178,127,145,318,133,145,318,156,145,318
qpeinexact,19,56,236,127,178,795,133,178,795,156,178,795
portfoliovqe,11,46,221,127,92,405,133,92,405,156,92,405
twolocalrandom,37,150,2184,127,162,2628,133,162,2628,156,162,2628
realamprandom,7,30,99,127,42,183,133,42,183,156,42,183
dj,20,22,78,127,25,137,133,25,137,156,25,137
qpeinexact,35,104,716,127,338,2043,133,338,2043,156,338,2043
qft,27,55,419,127,185,1307,133,185,1307,156,185,1307
realamprandom,36,146,2071,127,158,2503,133,158,2503,156,158,2503
random,27,320,1668,127,674,4552,133,679,4564,156,663,4559
pricingcall,9,83,112,127,303,436,133,303,437,156,303,437
ae,38,222,928,127,617,2497,133,617,2497,156,617,2497
qftentangled,17,37,196,127,118,615,133,118,615,156,118,615
random,31,360,2179,127,774,6169,133,784,6171,156,777,6168
realamprandom,20,82,671,127,94,911,133,94,911,156,94,911
qft,31,63,543,127,213,1591,133,213,1591,156,213,1591
qpeinexact,23,68,332,127,218,1107,133,218,1107,156,218,1107
qnn,16,155,816,127,171,983,133,170,982,156,171,983
ghz,44,45,89,127,47,91,133,47,91,156,47,91
qftentangled,40,83,921,127,279,2271,133,279,2271,156,279,2271
qpeexact,29,86,506,127,277,1577,133,279,1580,156,279,1580
su2random,29,118,1364,127,130,1712,133,130,1712,156,130,1712
dj,36,38,142,127,41,249,133,41,249,156,41,249
tsp,9,23,104,127,74,339,133,75,337,156,72,338
ghz,13,14,27,127,16,29,133,16,29,156,16,29
qnn,41,405,5166,127,420,5582,133,420,5582,156,420,5582
dj,37,39,146,127,42,256,133,42,256,156,42,256
ghz,12,13,25,127,15,27,133,15,27,156,15,27
qnn,40,395,4920,127,415,5333,133,414,5332,156,414,5332
qftentangled,41,85,964,127,286,2343,133,286,2343,156,286,2343
qpeexact,28,81,473,127,263,1490,133,262,1490,156,263,1490
su2random,28,114,1275,127,126,1611,133,126,1611,156,126,1611
qnn,17,165,918,127,180,1094,133,180,1094,156,180,1094
ghz,45,46,91,127,48,93,133,48,93,156,48,93
qftentangled,16,35,177,127,111,547,133,111,547,156,111,547
random,30,312,2081,127,711,5615,133,706,5615,156,710,5596
realamprandom,21,86,736,127,98,988,133,98,988,156,98,988
qpeinexact,22,65,306,127,208,1029,133,208,1029,156,208,1029
qft,30,61,511,127,206,1520,133,206,1520,156,206,1520
grover-v-chain,9,801,881,127,2254,2813,133,2254,2813,156,2254,2813
qft,26,53,391,127,178,1236,133,178,1236,156,178,1236
qpeinexact,34,101,678,127,328,1965,133,328,1965,156,328,1965
realamprandom,37,150,2184,127,162,2628,133,162,2628,156,162,2628
random,26,297,1621,127,656,4496,133,651,4489,156,652,4489
ae,39,228,972,127,634,2581,133,634,2581,156,634,2581
dj,21,23,82,127,26,144,133,26,144,156,26,144
realamprandom,6,26,76,127,38,148,133,38,148,156,38,148
portfoliovqe,10,42,186,127,84,352,133,84,352,156,84,352
twolocalrandom,36,146,2071,127,158,2503,133,158,2503,156,158,2503
pricingput,5,36,48,127,118,171,133,120,173,156,117,170
su2random,45,182,3196,127,194,3736,133,194,3736,156,194,3736
su2random,3,14,25,127,26,61,133,26,61,156,26,61
qpeexact,45,134,1146,127,439,2827,133,439,2827,156,439,2827
dj,8,10,30,127,13,53,133,13,53,156,13,53
graphstate,21,8,64,127,22,106,133,22,106,156,22,106
wstate,37,75,183,127,149,327,133,149,327,156,149,327
ae,15,84,192,127,226,589,133,226,589,156,226,589
qpeinexact,18,53,214,127,168,717,133,168,717,156,168,717
ghz,28,29,57,127,31,59,133,31,59,156,31,59
twolocalrandom,4,18,39,127,30,87,133,30,87,156,30,87
qpeexact,2,4,6,127,8,14,133,12,14,156,12,14
qpeexact,12,33,105,127,103,326,133,102,326,156,102,326
vqe,16,21,95,127,30,235,133,30,235,156,30,235
su2random,12,50,259,127,62,403,133,62,403,156,62,403
ae,42,246,1110,127,685,2833,133,685,2833,156,685,2833
portfolioqaoa,7,31,107,127,95,328,133,95,328,156,95,328
pricingput,15,347,417,127,1084,1408,133,1084,1409,156,1084,1408
pricingcall,13,203,254,127,683,901,133,683,901,156,683,901
grover-noancilla,6,402,457,127,908,1175,133,908,1175,156,908,1175
twolocalrandom,20,82,671,127,94,911,133,94,911,156,94,911
graphstate,8,6,25,127,16,41,133,16,41,156,16,41
wstate,21,43,103,127,85,183,133,85,183,156,85,183
graphstate,37,7,112,127,17,186,133,17,186,156,17,186
graphstate,40,8,121,127,28,201,133,28,201,156,28,201
su2random,24,98,949,127,110,1237,133,110,1237,156,110,1237
qpeexact,24,65,355,127,208,1170,133,210,1173,156,208,1170
tsp,4,18,44,127,53,138,133,55,139,156,50,139
tsp,16,30,188,127,102,619,133,99,618,156,102,619
qpeinexact,7,20,44,127,58,123,133,58,123,156,58,123
ae,23,132,388,127,362,1237,133,362,1237,156,362,1237
graphstate,17,8,52,127,19,86,133,19,86,156,19,86
ghz,49,50,99,127,52,101,133,52,101,156,52,101
grover-v-chain,13,6255,6455,127,16384,19887,133,16384,19887,156,16384,19887
wstate,17,35,83,127,69,147,133,69,147,156,69,147
ae,35,204,802,127,566,2245,133,566,2245,156,566,2245
qpeinexact,38,113,834,127,368,2277,133,368,2277,156,368,2277
twolocalrandom,16,66,441,127,78,633,133,78,633,156,78,633
pricingcall,25,7429,7526,127,3116,3873,133,3162,3849,156,3150,3842
pricingput,23,4097,4201,127,2858,3593,133,2895,3590,156,2836,3582
grover-noancilla,10,26029,26337,127,65063,78715,133,65063,78715,156,65063,78715
grover-v-chain,5,102,131,127,319,427,133,319,427,156,319,427
wstate,40,81,198,127,161,354,133,161,354,156,161,354
portfolioqaoa,12,51,272,127,155,833,133,155,833,156,155,833
qpeexact,32,95,606,127,310,1814,133,308,1811,156,308,1811
su2random,32,130,1649,127,142,2033,133,142,2033,156,142,2033
ae,3,12,18,127,22,37,133,23,40,156,22,37
twolocalrandom,41,166,2666,127,178,3158,133,178,3158,156,178,3158
qpeexact,49,146,1346,127,477,3136,133,479,3139,156,477,3136
su2random,49,198,3774,127,210,4362,133,210,4362,156,210,4362
qpeinexact,14,41,138,127,128,445,133,128,445,156,128,445
realamprandom,17,70,494,127,82,698,133,82,698,156,82,698
qftentangled,20,43,261,127,139,831,133,139,831,156,139,831
ae,19,108,282,127,295,904,133,295,904,156,295,904
dj,4,6,14,127,9,25,133,9,25,156,9,25
qnn,21,205,1386,127,220,1602,133,220,1602,156,220,1602
pricingput,9,84,122,127,314,478,133,314,478,156,316,480
portfoliovqe,3,14,25,127,30,65,133,30,65,156,30,65
qaoa,15,11,91,127,35,291,133,35,291,156,35,291
realamprandom,40,162,2541,127,174,3021,133,174,3021,156,174,3021
qpeinexact,43,128,1052,127,418,2667,133,418,2667,156,418,2667
twolocalrandom,8,34,125,127,46,221,133,46,221,156,46,221
ghz,24,25,49,127,27,51,133,27,51,156,27,51
qft,47,95,1199,127,325,2727,133,325,2727,156,325,2727
random,47,579,5311,127,1289,14568,133,1288,14560,156,1284,14583
ghz,32,33,65,127,35,67,133,35,67,156,35,67
dj,17,19,66,127,22,116,133,22,116,156,22,116
ghz,2,3,5,127,5,7,133,5,7,156,5,7
graphstate,4,5,13,127,16,21,133,16,21,156,16,21
qftentangled,36,75,757,127,251,1983,133,251,1983,156,251,1983
random,10,56,202,127,119,472,133,121,472,156,120,472
qft,10,21,71,127,66,212,133,66,212,156,66,212
pricingput,19,1143,1231,127,2074,2559,133,2066,2553,156,2069,2554
qnn,3,25,36,127,40,71,133,41,73,156,41,73
qnn,37,365,4218,127,380,4594,133,380,4594,156,380,4594
dj,40,42,158,127,45,277,133,45,277,156,45,277
qpeexact,27,80,444,127,259,1423,133,257,1420,156,259,1423
su2random,27,110,1189,127,122,1513,133,122,1513,156,122,1513
graphstate,43,8,130,127,24,216,133,24,216,156,24,216
qpeinexact,4,11,18,127,28,45,133,28,45,156,28,45
dj,38,40,150,127,43,263,133,43,263,156,43,263
ae,20,114,307,127,311,985,133,311,985,156,312,988
graphstate,14,7,43,127,20,71,133,20,71,156,20,71
qftentangled,19,41,238,127,132,759,133,132,759,156,132,759
qnn,18,175,1026,127,190,1212,133,190,1212,156,190,1212
random,29,310,1989,127,618,5197,133,620,5191,156,618,5187
realamprandom,38,154,2300,127,166,2756,133,166,2756,156,166,2756
qft,29,59,479,127,199,1449,133,199,1449,156,199,1449
wstate,14,29,68,127,57,120,133,57,120,156,57,120
pricingcall,7,56,79,127,193,286,133,193,286,156,193,286
ae,36,210,843,127,583,2329,133,583,2329,156,583,2329
twolocalrandom,15,62,391,127,74,571,133,74,571,156,74,571
su2random,31,126,1551,127,138,1923,133,138,1923,156,138,1923
qpeexact,31,88,570,127,287,1722,133,287,1722,156,287,1722
wstate,43,87,213,127,173,381,133,173,381,156,173,381
portfolioqaoa,11,47,233,127,143,714,133,143,714,156,143,714
realamprandom,9,38,154,127,50,262,133,50,262,156,50,262
random,2,12,19,127,14,22,133,13,22,156,13,22
twolocalrandom,42,170,2794,127,182,3298,133,182,3298,156,182,3298
wstate,38,77,188,127,153,336,133,153,336,156,153,336
dj,7,9,26,127,12,46,133,12,46,156,12,46
qpeinexact,17,50,194,127,158,643,133,158,643,156,158,643
realamprandom,14,58,344,127,70,512,133,70,512,156,70,512
qftentangled,23,49,334,127,160,1047,133,160,1047,156,160,1047
twolocalrandom,39,158,2419,127,170,2887,133,170,2887,156,170,2887
qnn,22,215,1518,127,230,1744,133,230,1744,156,230,1744
realamprandom,43,174,2925,127,186,3441,133,186,3441,156,186,3441
qpeinexact,40,119,918,127,388,2433,133,388,2433,156,388,2433
qaoa,16,11,97,127,35,313,133,35,313,156,35,313
ghz,27,28,55,127,30,57,133,30,57,156,30,57
portfolioqaoa,8,35,134,127,107,411,133,107,411,156,107,411
qft,3,7,11,127,17,23,133,17,23,156,17,23
qft,44,89,1057,127,304,2514,133,304,2514,156,304,2514
random,44,559,4560,127,1265,12657,133,1260,12670,156,1266,12669
dj,14,16,54,127,19,95,133,19,95,156,19,95
ghz,31,32,63,127,34,65,133,34,65,156,34,65
graphstate,7,5,22,127,16,36,133,16,36,156,16,36
qftentangled,35,73,718,127,244,1911,133,244,1911,156,244,1911
wstate,3,7,13,127,13,21,133,13,21,156,13,21
random,13,141,443,127,289,1076,133,290,1084,156,288,1081
qft,13,27,111,127,87,353,133,87,353,156,87,353
graphstate,38,7,115,127,21,191,133,21,191,156,21,191
grover-noancilla,9,9158,9355,127,22888,27875,133,22888,27875,156,22888,27875
dj,43,45,170,127,48,298,133,48,298,156,48,298
qnn,34,335,3570,127,350,3916,133,350,3916,156,350,3916
qpeinexact,8,23,54,127,68,157,133,68,157,156,68,157
ghz,11,12,23,127,14,25,133,14,25,156,14,25
qnn,43,425,5676,127,443,6116,133,444,6118,156,444,6118
dj,34,36,134,127,39,235,133,39,235,156,39,235
qftentangled,42,87,1009,127,293,2415,133,293,2415,156,293,2415
qftentangled,2,7,9,127,13,22,133,14,22,156,13,22
qnn,14,135,630,127,151,777,133,151,777,156,151,777
ghz,46,47,93,127,49,95,133,49,95,156,49,95
qftentangled,15,33,158,127,104,483,133,104,483,156,104,483
realamprandom,22,90,804,127,102,1068,133,102,1068,156,102,1068
random,33,352,2432,127,816,6813,133,817,6816,156,814,6832
qpeinexact,21,62,282,127,198,951,133,198,951,156,198,951
qft,33,67,611,127,227,1733,133,227,1733,156,227,1733
graphstate,18,7,55,127,21,91,133,21,91,156,21,91
ghz,50,51,101,127,53,103,133,53,103,156,53,103
twolocalrandom,19,78,609,127,90,837,133,90,837,156,90,837
wstate,18,37,88,127,73,156,133,73,156,156,73,156
qft,25,51,363,127,171,1165,133,171,1165,156,171,1165
qpeinexact,37,110,794,127,358,2199,133,358,2199,156,358,2199
random,25,266,1463,127,586,3956,133,591,3951,156,582,3944
realamprandom,34,138,1854,127,150,2262,133,150,2262,156,150,2262
dj,22,24,86,127,27,151,133,27,151,156,27,151
realamprandom,5,22,56,127,34,116,133,34,116,156,34,116
twolocalrandom,35,142,1961,127,154,2381,133,154,2381,156,154,2381
portfoliovqe,13,54,300,127,108,520,133,108,520,156,108,520
realamprandom,18,74,550,127,86,766,133,86,766,156,86,766
wstate,34,69,168,127,137,300,133,137,300,156,137,300
graphstate,22,8,67,127,25,111,133,25,111,156,25,111
ae,16,90,213,127,244,664,133,244,664,156,243,661
qpeexact,46,137,1194,127,449,2905,133,449,2905,156,449,2905
su2random,46,186,3336,127,198,3888,133,198,3888,156,198,3888
twolocalrandom,7,30,99,127,42,183,133,42,183,156,42,183
ae,41,240,1063,127,668,2749,133,668,2749,156,668,2749
vqe,15,20,89,127,29,220,133,29,220,156,29,220
su2random,11,46,221,127,58,353,133,58,353,156,58,353
qpeexact,11,32,92,127,98,285,133,100,288,156,100,288
dj,18,20,70,127,23,123,133,23,123,156,23,123
random,48,601,5514,127,1392,15200,133,1402,15199,156,1403,15203
qft,48,97,1249,127,332,2798,133,332,2798,156,332,2798
portfolioqaoa,4,19,44,127,59,133,133,59,133,156,59,133
twolocalrandom,23,94,875,127,106,1151,133,106,1151,156,106,1151
grover-noancilla,5,170,197,127,313,415,133,313,415,156,313,415
qnn,38,375,4446,127,390,4831,133,390,4831,156,391,4833
graphstate,34,9,103,127,29,171,133,29,171,156,29,171
wstate,22,45,108,127,89,192,133,89,192,156,89,192
qftentangled,39,81,878,127,272,2199,133,272,2199,156,272,2199
su2random,50,202,3926,127,214,4526,133,214,4526,156,214,4526
qpeexact,50,149,1398,127,489,3217,133,487,3214,156,487,3214
graphstate,35,7,106,127,18,176,133,18,176,156,18,176
wstate,23,47,113,127,93,201,133,93,201,156,93,201
qftentangled,38,79,837,127,265,2127,133,265,2127,156,265,2127
twolocalrandom,22,90,804,127,102,1068,133,102,1068,156,102,1068
pricingcall,11,127,167,127,411,629,133,411,629,156,411,629
qaoa,3,10,19,127,32,59,133,32,59,156,32,59
grover-noancilla,4,34,49,127,93,143,133,93,143,156,93,143
pricingput,17,613,692,127,1546,1967,133,1547,1971,156,1542,1969
qnn,39,385,4680,127,400,5076,133,400,5076,156,400,5076
random,49,601,5825,127,1385,16145,133,1384,16130,156,1389,16144
qft,49,99,1299,127,339,2869,133,339,2869,156,339,2869
portfolioqaoa,5,23,62,127,71,189,133,71,189,156,71,189
dj,19,21,74,127,24,130,133,24,130,156,24,130
ae,40,234,1017,127,651,2665,133,651,2665,156,651,2665
vqe,14,19,83,127,28,203,133,28,203,156,28,203
su2random,10,42,186,127,54,306,133,54,306,156,54,306
qpeexact,10,25,76,127,76,226,133,76,226,156,77,228
twolocalrandom,6,26,76,127,38,148,133,38,148,156,38,148
realamprandom,19,78,609,127,90,837,133,90,837,156,90,837
ae,17,96,235,127,261,740,133,260,737,156,261,740
wstate,35,71,173,127,141,309,133,141,309,156,141,309
graphstate,23,6,70,127,17,116,133,17,116,156,17,116
qpeexact,47,140,1244,127,457,2980,133,459,2983,156,457,2980
su2random,47,190,3479,127,202,4043,133,202,4043,156,202,4043
pricingput,7,55,81,127,206,315,133,206,316,156,204,314
twolocalrandom,34,138,1854,127,150,2262,133,150,2262,156,150,2262
portfoliovqe,12,50,259,127,100,461,133,100,461,156,100,461
realamprandom,4,18,39,127,30,87,133,30,87,156,30,87
dj,23,25,90,127,28,158,133,28,158,156,28,158
wstate,19,39,93,127,77,165,133,77,165,156,77,165
qpeinexact,36,107,754,127,348,2121,133,348,2121,156,348,2121
qft,24,49,337,127,164,1094,133,164,1094,156,164,1094
random,24,295,1398,127,685,4015,133,683,4022,156,688,4018
realamprandom,35,142,1961,127,154,2381,133,154,2381,156,154,2381
twolocalrandom,18,74,550,127,86,766,133,86,766,156,86,766
qftentangled,14,31,141,127,97,423,133,97,423,156,97,423
realamprandom,23,94,875,127,106,1151,133,106,1151,156,106,1151
random,32,391,2526,127,944,6962,133,948,6953,156,944,6961
qft,32,65,577,127,220,1662,133,220,1662,156,220,1662
qpeinexact,20,59,258,127,188,873,133,188,873,156,188,873
graphstate,19,6,58,127,17,96,133,17,96,156,17,96
qftentangled,3,9,14,127,20,27,133,20,27,156,20,27
qnn,15,145,720,127,160,876,133,160,876,156,160,876
ghz,47,48,95,127,50,97,133,50,97,156,50,97
qftentangled,43,89,1054,127,300,2487,133,300,2487,156,300,2487
qpeinexact,9,26,66,127,78,195,133,78,195,156,78,195
ghz,10,11,21,127,13,23,133,13,23,156,13,23
qnn,42,415,5418,127,430,5844,133,430,5844,156,430,5844
dj,35,37,138,127,40,242,133,40,242,156,40,242
grover-noancilla,8,3034,3153,127,7580,9343,133,7580,9343,156,7580,9343
dj,42,44,166,127,47,291,133,47,291,156,47,291
qnn,35,345,3780,127,360,4136,133,360,4136,156,360,4136
qftentangled,34,71,681,127,237,1839,133,237,1839,156,237,1839
wstate,2,5,8,127,9,12,133,9,12,156,9,12
graphstate,6,7,19,127,15,31,133,15,31,156,15,31
random,12,103,342,127,271,919,133,275,921,156,271,919
qft,12,25,97,127,80,302,133,80,302,156,80,302
graphstate,39,7,118,127,21,196,133,21,196,156,21,196
dj,15,17,58,127,20,102,133,20,102,156,20,102
ghz,30,31,61,127,33,63,133,33,63,156,33,63
routing,6,14,46,127,26,118,133,26,118,156,26,118
portfolioqaoa,9,39,164,127,119,503,133,119,503,156,119,503
qft,2,5,7,127,10,12,133,10,12,156,10,12
qft,45,91,1103,127,311,2585,133,311,2585,156,311,2585
random,45,532,4870,127,1232,13379,133,1226,13378,156,1225,13352
ghz,26,27,53,127,29,55,133,29,55,156,29,55
realamprandom,42,170,2794,127,182,3298,133,182,3298,156,182,3298
qpeinexact,41,122,962,127,398,2511,133,398,2511,156,398,2511
twolocalrandom,38,154,2300,127,166,2756,133,166,2756,156,166,2756
qnn,23,225,1656,127,241,1893,133,241,1893,156,241,1893
wstate,39,79,193,127,157,345,133,157,345,156,157,345
dj,6,8,22,127,11,39,133,11,39,156,11,39
qpeinexact,16,47,174,127,148,573,133,148,573,156,148,573
realamprandom,15,62,391,127,74,571,133,74,571,156,74,571
qftentangled,22,47,309,127,153,975,133,153,975,156,153,975
random,3,11,20,127,48,77,133,49,79,156,49,79
vqe,3,8,17,127,16,40,133,16,40,156,16,40
twolocalrandom,43,174,2925,127,186,3441,133,186,3441,156,186,3441
su2random,30,122,1456,127,134,1816,133,134,1816,156,134,1816
qpeexact,30,87,537,127,282,1646,133,283,1646,156,283,1646
wstate,42,85,208,127,169,372,133,169,372,156,169,372
portfolioqaoa,10,43,197,127,131,604,133,131,604,156,131,604
realamprandom,8,34,125,127,46,221,133,46,221,156,46,221
grover-v-chain,7,271,318,127,804,1034,133,804,1034,156,804,1034
pricingput,21,2176,2275,127,2518,3128,133,2535,3133,156,2531,3139
twolocalrandom,14,58,344,127,70,512,133,70,512,156,70,512
random,28,337,1897,127,765,5179,133,760,5188,156,765,5172
realamprandom,39,158,2419,127,170,2887,133,170,2887,156,170,2887
qft,28,57,449,127,192,1378,133,192,1378,156,192,1378
grover-v-chain,11,2107,2228,127,5684,6972,133,5684,6972,156,5684,6972
ae,37,216,885,127,600,2413,133,600,2413,156,600,2413
wstate,15,31,73,127,61,129,133,61,129,156,61,129
qnn,19,185,1140,127,201,1337,133,201,1337,156,200,1335
graphstate,15,10,46,127,18,76,133,18,76,156,18,76
ae,21,120,333,127,328,1069,133,328,1069,156,328,1069
qftentangled,18,39,217,127,125,687,133,125,687,156,125,687
qpeinexact,5,14,26,127,38,67,133,38,67,156,38,67
dj,39,41,154,127,44,270,133,44,270,156,44,270
qpeexact,26,77,414,127,250,1346,133,250,1346,156,248,1343
su2random,26,106,1106,127,118,1418,133,118,1418,156,118,1418
graphstate,42,7,127,127,21,211,133,21,211,156,21,211
ghz,17,18,35,127,20,37,133,20,37,156,20,37
qnn,45,445,6210,127,460,6666,133,460,6666,156,460,6666
dj,32,34,126,127,37,221,133,37,221,156,37,221
qftentangled,44,91,1101,127,307,2559,133,307,2559,156,307,2559
graphstate,49,7,148,127,24,246,133,24,246,156,24,246
qnn,12,115,468,127,130,594,133,130,594,156,130,594
qftentangled,4,11,21,127,27,43,133,27,43,156,27,43
ghz,40,41,81,127,43,83,133,43,83,156,43,83
qftentangled,13,29,124,127,90,367,133,90,367,156,90,367
qpeinexact,27,80,444,127,258,1419,133,258,1419,156,258,1419
qft,35,71,683,127,241,1875,133,241,1875,156,241,1875
realamprandom,24,98,949,127,110,1237,133,110,1237,156,110,1237
random,35,386,2849,127,919,7988,133,917,7984,156,916,7979
random,23,229,1222,127,567,3401,133,571,3389,156,567,3392
realamprandom,32,130,1649,127,142,2033,133,142,2033,156,142,2033
qft,23,47,311,127,157,1023,133,157,1023,156,157,1023
qpeinexact,31,92,572,127,298,1731,133,298,1731,156,298,1731
random,8,50,153,127,109,361,133,109,360,156,109,361
vqe,8,13,47,127,22,111,133,22,111,156,22,111
twolocalrandom,48,194,3625,127,206,4201,133,206,4201,156,206,4201
dj,24,26,94,127,29,165,133,29,165,156,29,165
realamprandom,3,14,25,127,26,61,133,26,61,156,26,61
wstate,49,99,243,127,197,435,133,197,435,156,197,435
twolocalrandom,33,134,1750,127,146,2146,133,146,2146,156,146,2146
qnn,28,275,2436,127,290,2721,133,290,2721,156,290,2721
portfoliovqe,15,62,391,127,124,647,133,124,647,156,124,647
wstate,32,65,158,127,129,282,133,129,282,156,129,282
graphstate,24,7,73,127,24,121,133,24,121,156,24,121
ae,10,54,102,127,141,289,133,141,289,156,141,289
shor_9_4,18,6214,9894,127,15053,29045,133,14997,29032,156,14957,29015
qftentangled,29,61,508,127,202,1479,133,202,1479,156,202,1479
su2random,40,162,2541,127,174,3021,133,174,3021,156,174,3021
su2random,6,26,76,127,38,148,133,38,148,156,38,148
qpeexact,40,119,918,127,387,2434,133,389,2437,156,389,2437
qpeexact,7,16,42,127,46,112,133,47,114,156,47,114
realamprandom,49,198,3774,127,210,4362,133,210,4362,156,210,4362
ae,47,276,1360,127,770,3253,133,770,3253,156,770,3253
qpeexact,17,50,194,127,159,646,133,157,643,156,159,646
vqe,13,18,77,127,27,192,133,27,192,156,27,192
su2random,17,70,494,127,82,698,133,82,698,156,82,698
qft,9,19,59,127,59,173,133,59,173,156,59,173
dj,49,51,194,127,54,340,133,54,340,156,54,340
grover-noancilla,3,10,17,127,22,33,133,22,33,156,22,33
qaoa,4,9,25,127,29,79,133,29,79,156,29,79
twolocalrandom,25,102,1026,127,114,1326,133,114,1326,156,114,1326
random,19,185,852,127,436,2176,133,442,2177,156,443,2180
qft,19,39,219,127,129,739,133,129,739,156,129,739
wstate,9,19,43,127,37,75,133,37,75,156,37,75
graphstate,32,8,97,127,22,161,133,22,161,156,22,161
wstate,24,49,118,127,97,210,133,97,210,156,97,210
su2random,21,86,736,127,98,988,133,98,988,156,98,988
qpeexact,21,62,282,127,199,954,133,197,951,156,197,951
graphstate,45,9,136,127,24,226,133,24,226,156,24,226
qftentangled,48,99,1297,127,335,2847,133,335,2847,156,335,2847
qpeinexact,2,4,6,127,10,13,133,10,13,156,10,13
qnn,49,485,7350,127,504,7851,133,505,7853,156,503,7850
realamprandom,28,114,1275,127,126,1611,133,126,1611,156,126,1611
random,39,472,3652,127,1082,9945,133,1081,9939,156,1080,9955
qft,39,79,839,127,269,2159,133,269,2159,156,269,2159
ae,26,150,478,127,414,1492,133,414,1492,156,413,1489
graphstate,12,7,37,127,24,61,133,24,61,156,24,61
qftentangled,8,19,57,127,55,147,133,55,147,156,55,147
wstate,12,25,58,127,49,102,133,49,102,156,49,102
ae,30,174,612,127,481,1825,133,481,1825,156,481,1825
twolocalrandom,13,54,300,127,66,456,133,66,456,156,66,456
qpeexact,37,110,794,127,357,2200,133,359,2203,156,357,2200
su2random,37,150,2184,127,162,2628,133,162,2628,156,162,2628
wstate,45,91,223,127,181,399,133,181,399,156,181,399
portfolioqaoa,17,71,512,127,215,1563,133,215,1563,156,215,1563
vqe,4,9,23,127,18,59,133,18,59,156,18,59
random,4,28,51,127,61,117,133,61,117,156,61,117
ae,6,30,48,127,74,124,133,74,124,156,74,124
dj,28,30,110,127,33,193,133,33,193,156,33,193
twolocalrandom,44,178,3059,127,190,3587,133,190,3587,156,190,3587
realamprandom,12,50,259,127,62,403,133,62,403,156,62,403
qpeinexact,11,32,92,127,98,283,133,98,283,156,98,283
qftentangled,25,53,388,127,174,1191,133,174,1191,156,174,1191
graphstate,28,7,85,127,21,141,133,21,141,156,21,141
qnn,24,235,1800,127,250,2046,133,250,2046,156,250,2046
qaoa,10,11,61,127,35,195,133,35,195,156,35,195
qpeinexact,46,137,1194,127,448,2901,133,448,2901,156,448,2901
realamprandom,45,182,3196,127,194,3736,133,194,3736,156,194,3736
portfoliovqe,6,26,76,127,52,170,133,52,170,156,52,170
ghz,21,22,43,127,24,45,133,24,45,156,24,45
random,42,475,4155,127,1111,10991,133,1108,11015,156,1113,11012
qpeinexact,50,149,1398,127,488,3213,133,488,3213,156,488,3213
qft,42,85,967,127,290,2372,133,290,2372,156,290,2372
dj,12,14,46,127,17,81,133,17,81,156,17,81
ghz,7,8,15,127,10,17,133,10,17,156,10,17
ghz,37,38,75,127,40,77,133,40,77,156,40,77
wstate,28,57,138,127,113,246,133,113,246,156,113,246
qftentangled,33,69,644,127,230,1767,133,230,1767,156,230,1767
wstate,5,11,23,127,21,39,133,21,39,156,21,39
qft,15,31,143,127,101,467,133,101,467,156,101,467
random,15,164,577,127,375,1526,133,379,1532,156,375,1523
twolocalrandom,29,118,1364,127,130,1712,133,130,1712,156,130,1712
qaoa,8,9,49,127,29,155,133,29,155,156,29,155
dj,45,47,178,127,50,312,133,50,312,156,50,312
qnn,6,55,126,127,70,192,133,70,192,156,70,192
qnn,32,315,3168,127,335,3501,133,335,3501,156,335,3501
twolocalrandom,28,114,1275,127,126,1611,133,126,1611,156,126,1611
qaoa,9,10,55,127,31,173,133,31,173,156,31,173
dj,44,46,174,127,49,305,133,49,305,156,49,305
qnn,7,65,168,127,80,244,133,80,244,156,80,244
qnn,33,325,3366,127,340,3701,133,341,3703,156,340,3701
wstate,29,59,143,127,117,255,133,117,255,156,117,255
qftentangled,32,67,609,127,223,1695,133,223,1695,156,223,1695
wstate,4,9,18,127,17,30,133,17,30,156,17,30
qft,14,29,127,127,94,408,133,94,408,156,94,408
random,14,106,420,127,279,1233,133,275,1225,156,277,1232
dj,13,15,50,127,18,88,133,18,88,156,18,88
ghz,6,7,13,127,9,15,133,9,15,156,9,15
ghz,36,37,73,127,39,75,133,39,75,156,39,75
random,43,500,4360,127,1166,12045,133,1170,12057,156,1176,12063
qft,43,87,1011,127,297,2443,133,297,2443,156,297,2443
qft,4,9,17,127,24,38,133,24,38,156,24,38
ghz,20,21,41,127,23,43,133,23,43,156,23,43
qaoa,11,10,67,127,32,215,133,32,215,156,32,215
qpeinexact,47,140,1244,127,458,2979,133,458,2979,156,458,2979
realamprandom,44,178,3059,127,190,3587,133,190,3587,156,190,3587
portfoliovqe,7,30,99,127,60,211,133,60,211,156,60,211
portfoliovqe,18,74,550,127,148,860,133,148,860,156,148,860
qnn,25,245,1950,127,260,2205,133,261,2207,156,261,2207
realamprandom,13,54,300,127,66,456,133,66,456,156,66,456
qpeinexact,10,29,78,127,88,237,133,88,237,156,88,237
qftentangled,24,51,361,127,167,1119,133,167,1119,156,167,1119
graphstate,29,6,88,127,20,146,133,20,146,156,20,146
random,5,25,60,127,54,141,133,53,139,156,52,136
vqe,5,10,29,127,19,74,133,19,74,156,19,74
ae,7,36,60,127,91,160,133,90,157,156,91,160
dj,29,31,114,127,34,200,133,34,200,156,34,200
twolocalrandom,45,182,3196,127,194,3736,133,194,3736,156,194,3736
qpeexact,36,107,754,127,347,2122,133,347,2122,156,347,2122
su2random,36,146,2071,127,158,2503,133,158,2503,156,158,2503
wstate,44,89,218,127,177,390,133,177,390,156,177,390
portfolioqaoa,16,67,458,127,203,1399,133,203,1399,156,203,1399
twolocalrandom,12,50,259,127,62,403,133,62,403,156,62,403
pricingcall,21,2170,2249,127,2539,3003,133,2511,3028,156,2510,3008
ae,31,180,648,127,498,1909,133,498,1909,156,498,1909
wstate,13,27,63,127,53,111,133,53,111,156,53,111
grover-v-chain,17,51528,52029,127,130879,157535,133,130879,157535,156,130879,157535
qftentangled,9,21,68,127,62,183,133,62,183,156,62,183
realamprandom,29,118,1364,127,130,1712,133,130,1712,156,130,1712
random,38,466,3468,127,1019,9281,133,1024,9267,156,1024,9261
qft,38,77,799,127,262,2088,133,262,2088,156,262,2088
graphstate,13,7,40,127,21,66,133,21,66,156,21,66
ae,27,156,510,127,430,1573,133,430,1573,156,431,1576
qpeinexact,3,8,12,127,18,27,133,18,27,156,18,27
qnn,48,475,7056,127,490,7542,133,490,7542,156,490,7542
su2random,20,82,671,127,94,911,133,94,911,156,94,911
qpeexact,20,59,258,127,189,877,133,189,877,156,187,874
graphstate,44,7,133,127,21,221,133,21,221,156,21,221
qftentangled,49,101,1348,127,342,2919,133,342,2919,156,342,2919
random,18,161,766,127,380,2030,133,377,2031,156,381,2031
qft,18,37,199,127,122,668,133,122,668,156,122,668
wstate,8,17,38,127,33,66,133,33,66,156,33,66
graphstate,33,7,100,127,24,166,133,24,166,156,24,166
wstate,25,51,123,127,101,219,133,101,219,156,101,219
dj,48,50,190,127,53,333,133,53,333,156,53,333
grover-noancilla,2,2,5,127,4,7,133,4,7,156,4,7
pricingcall,17,610,678,127,1532,1881,133,1525,1881,156,1525,1881
qaoa,5,10,31,127,32,99,133,32,99,156,32,99
twolocalrandom,24,98,949,127,110,1237,133,110,1237,156,110,1237
pricingput,11,128,173,127,430,681,133,428,679,156,430,681
portfolioqaoa,3,15,29,127,47,86,133,47,86,156,47,86
qft,8,17,49,127,52,138,133,52,138,156,52,138
ae,50,294,1522,127,821,3505,133,821,3505,156,821,3505
routing,12,20,94,127,32,238,133,32,238,156,32,238
realamprandom,48,194,3625,127,206,4201,133,206,4201,156,206,4201
ae,46,270,1308,127,753,3169,133,753,3169,156,753,3169
qpeexact,16,47,174,127,147,574,133,147,574,156,147,574
vqe,12,17,71,127,26,175,133,26,175,156,26,175
su2random,16,66,441,127,78,633,133,78,633,156,78,633
qpeexact,6,15,33,127,43,86,133,42,86,156,43,86
ae,11,60,118,127,158,341,133,158,341,156,158,341
wstate,33,67,163,127,133,291,133,133,291,156,133,291
graphstate,25,7,76,127,21,126,133,21,126,156,21,126
qftentangled,28,59,477,127,195,1407,133,195,1407,156,195,1407
su2random,41,166,2666,127,178,3158,133,178,3158,156,178,3158
su2random,7,30,99,127,42,183,133,42,183,156,42,183
qpeexact,41,122,962,127,397,2512,133,399,2515,156,397,2512
twolocalrandom,32,130,1649,127,142,2033,133,142,2033,156,142,2033
qnn,29,285,2610,127,300,2906,133,300,2906,156,300,2906
portfoliovqe,14,58,344,127,116,582,133,116,582,156,116,582
realamprandom,2,8,14,127,14,22,133,12,22,156,14,22
wstate,48,97,238,127,193,426,133,193,426,156,193,426
vqe,9,14,53,127,23,130,133,23,130,156,23,130
random,9,53,164,127,104,415,133,103,414,156,104,414
twolocalrandom,49,198,3774,127,210,4362,133,210,4362,156,210,4362
dj,25,27,98,127,30,172,133,30,172,156,30,172
random,22,203,992,127,513,2981,133,508,2985,156,506,2987
realamprandom,33,134,1750,127,146,2146,133,146,2146,156,146,2146
qpeinexact,30,89,538,127,288,1653,133,288,1653,156,288,1653
qft,22,45,287,127,150,952,133,150,952,156,150,952
qftentangled,12,27,109,127,83,315,133,83,315,156,83,315
qft,34,69,647,127,234,1804,133,234,1804,156,234,1804
qpeinexact,26,77,414,127,248,1341,133,248,1341,156,248,1341
realamprandom,25,102,1026,127,114,1326,133,114,1326,156,114,1326
random,34,368,2716,127,820,7438,133,822,7448,156,827,7428
qnn,13,125,546,127,140,682,133,140,682,156,140,682
qftentangled,5,13,28,127,34,63,133,34,63,156,34,63
ghz,41,42,83,127,44,85,133,44,85,156,44,85
qftentangled,45,93,1148,127,314,2631,133,314,2631,156,314,2631
graphstate,48,10,145,127,33,241,133,33,241,156,33,241
ghz,16,17,33,127,19,35,133,19,35,156,19,35
qnn,44,435,5940,127,450,6386,133,450,6386,156,450,6386
dj,33,35,130,127,38,228,133,38,228,156,38,228
